{
  "id": "75e91a4e-25d5-467f-bb2b-27a2c9e7623b",
  "name": "Samples",
  "values": [
    {
      "key": "log",
      "value": "true",
      "description": "",
      "enabled": true
    },
    {
      "key": "planUniqueName",
      "value": "samplePs1Dyn",
      "description": "",
      "enabled": true
    },
    {
      "key": "filter",
      "value": "json",
      "description": "",
      "enabled": true
    },
    {
      "key": "isRegexFilter",
      "value": "true",
      "description": "",
      "enabled": true
    },
    {
      "key": "planInstanceId",
      "value": "636720009124162544",
      "description": "",
      "enabled": true
    },
    {
      "key": "dryRun",
      "value": "true",
      "description": "",
      "enabled": true
    },
    {
      "key": "requestNumber",
      "value": "42",
      "description": "",
      "enabled": true
    },
    {
      "key": "simplify",
      "value": "false",
      "description": "",
      "enabled": true
    },
    {
      "key": "logName",
      "value": "steve",
      "description": "",
      "enabled": true
    },
    {
      "key": "updateLogName",
      "value": "636457347702873861_tmp73D3.log",
      "description": "",
      "enabled": true
    },
    {
      "key": "asCsv",
      "value": "false",
      "description": "",
      "enabled": true
    }
  ],
  "_postman_variable_scope": "environment",
  "_postman_exported_at": "2018-09-09T15:34:11.928Z",
  "_postman_exported_using": "Postman/6.2.5"
}